State,County Name,#hospital,hospital_rating
AK,ANCHORAGE,3,2.6666666666666665
AK,BETHEL,1,3.0
AK,FAIRBANKS NORTH STAR,1,3.0
AK,JUNEAU,1,3.0
AK,KETCHIKAN GATEWAY,1,3.0
AK,MATANUSKA SUSITNA,1,3.0
AL,AUTAUGA,1,4.0
AL,BALDWIN,3,3.0
AL,BARBOUR,1,3.0
AL,BLOUNT,1,3.0
AL,BULLOCK,1,3.0
AL,BUTLER,2,3.0
AL,CALHOUN,3,2.6666666666666665
AL,CHEROKEE,1,4.0
AL,CLARKE,2,3.0
AL,CLAY,1,3.0
AL,COFFEE,1,3.0
AL,COLBERT,2,2.5
AL,CONECUH,1,3.0
AL,COVINGTON,2,2.5
AL,CRENSHAW,1,3.0
AL,CULLMAN,1,3.0
AL,DALE,1,4.0
AL,DALLAS,1,3.0
AL,DE KALB,1,3.0
AL,ELMORE,2,3.5
AL,ESCAMBIA,2,3.0
AL,ETOWAH,2,2.5
AL,FAYETTE,1,4.0
AL,FRANKLIN,1,3.0
AL,GENEVA,1,3.0
AL,GREENE,1,3.0
AL,HOUSTON,2,3.5
AL,JACKSON,1,3.0
AL,JEFFERSON,7,2.7142857142857144
AL,LAUDERDALE,1,2.0
AL,LAWRENCE,1,4.0
AL,LEE,1,4.0
AL,LIMESTONE,1,2.0
AL,MADISON,2,3.0
AL,MARENGO,1,3.0
AL,MARION,2,4.5
AL,MARSHALL,1,3.0
AL,MOBILE,4,2.25
AL,MONROE,1,3.0
AL,MONTGOMERY,3,3.6666666666666665
AL,MORGAN,1,2.0
AL,PICKENS,1,3.0
AL,PIKE,1,3.0
AL,RANDOLPH,1,4.0
AL,RUSSELL,1,4.0
AL,SAINT CLAIR,1,3.0
AL,SHELBY,1,3.0
AL,TALLADEGA,2,3.0
AL,TALLAPOOSA,2,3.0
AL,TUSCALOOSA,1,2.0
AL,WALKER,1,3.0
AL,WINSTON,1,5.0
AR,ARKANSAS,1,4.0
AR,ASHLEY,1,3.0
AR,BAXTER,1,3.0
AR,BENTON,3,3.6666666666666665
AR,BOONE,1,3.0
AR,BRADLEY,1,4.0
AR,CARROLL,1,3.0
AR,CHICOT,1,3.0
AR,CLARK,1,3.0
AR,CLEBURNE,1,3.0
AR,COLUMBIA,1,2.0
AR,CRAIGHEAD,2,2.0
AR,CRAWFORD,1,3.0
AR,CROSS,1,4.0
AR,DESHA,1,3.0
AR,DREW,1,3.0
AR,FAULKNER,1,3.0
AR,FULTON,1,2.0
AR,GARLAND,2,2.0
AR,GREENE,1,2.0
AR,HEMPSTEAD,1,3.0
AR,HOT SPRING,1,3.0
AR,HOWARD,1,3.0
AR,INDEPENDENCE,1,2.0
AR,JEFFERSON,1,2.0
AR,JOHNSON,1,3.0
AR,MISSISSIPPI,1,2.0
AR,OUACHITA,1,4.0
AR,PHILLIPS,1,2.0
AR,POLK,1,3.0
AR,POPE,1,3.0
AR,PULASKI,8,2.75
AR,RANDOLPH,1,3.0
AR,SAINT FRANCIS,1,2.0
AR,SALINE,1,3.0
AR,SEBASTIAN,2,2.5
AR,STONE,1,3.0
AR,UNION,1,3.0
AR,VAN BUREN,1,3.0
AR,WASHINGTON,2,3.0
AR,WHITE,1,3.0
AR,YELL,1,3.0
AZ,APACHE,1,3.0
AZ,COCHISE,1,1.0
AZ,COCONINO,2,3.5
AZ,GILA,2,3.0
AZ,GRAHAM,1,3.0
AZ,LA PAZ,1,3.0
AZ,MARICOPA,27,3.1481481481481484
AZ,MOHAVE,4,2.25
AZ,NAVAJO,1,4.0
AZ,PIMA,7,2.5714285714285716
AZ,PINAL,4,3.0
AZ,YAVAPAI,2,3.0
AZ,YUMA,1,2.0
CA,ALAMEDA,12,2.5
CA,AMADOR,1,2.0
CA,BUTTE,4,2.5
CA,CALAVERAS,1,3.0
CA,CONTRA COSTA,7,3.0
CA,DEL NORTE,1,2.0
CA,EL DORADO,2,3.5
CA,FRESNO,5,2.2
CA,HUMBOLDT,2,3.0
CA,IMPERIAL,2,2.0
CA,KERN,8,1.875
CA,KINGS,1,2.0
CA,LAKE,2,2.5
CA,LASSEN,1,4.0
CA,LOS ANGELES,73,2.9315068493150687
CA,MADERA,1,2.0
CA,MARIN,3,3.3333333333333335
CA,MENDOCINO,3,3.3333333333333335
CA,MERCED,2,2.5
CA,MONTEREY,4,3.75
CA,NAPA,2,3.0
CA,NEVADA,1,3.0
CA,ORANGE,20,2.85
CA,PLACER,3,4.0
CA,PLUMAS,1,3.0
CA,RIVERSIDE,16,2.4375
CA,SACRAMENTO,8,2.75
CA,SAN BENITO,1,2.0
CA,SAN BERNARDINO,14,2.5
CA,SAN DIEGO,15,3.466666666666667
CA,SAN FRANCISCO,9,2.7777777777777777
CA,SAN JOAQUIN,7,2.4285714285714284
CA,SAN LUIS OBISPO,3,3.3333333333333335
CA,SAN MATEO,6,3.1666666666666665
CA,SANTA BARBARA,5,3.6
CA,SANTA CLARA,9,2.7777777777777777
CA,SANTA CRUZ,2,3.5
CA,SHASTA,2,3.5
CA,SISKIYOU,2,3.0
CA,SOLANO,4,2.75
CA,SONOMA,6,3.3333333333333335
CA,STANISLAUS,4,2.5
CA,TEHAMA,1,3.0
CA,TULARE,3,2.3333333333333335
CA,TUOLUMNE,1,3.0
CA,VENTURA,7,2.7142857142857144
CA,YOLO,2,3.5
CA,YUBA,1,1.0
CO,ADAMS,3,2.6666666666666665
CO,ALAMOSA,1,3.0
CO,ARAPAHOE,3,3.6666666666666665
CO,BOULDER,4,3.25
CO,BROOMFIELD,1,4.0
CO,DELTA,1,3.0
CO,DENVER,5,3.6
CO,DOUGLAS,3,3.3333333333333335
CO,EAGLE,1,4.0
CO,EL PASO,2,3.5
CO,FREMONT,1,4.0
CO,GARFIELD,2,3.5
CO,HUERFANO,1,3.0
CO,JEFFERSON,2,3.5
CO,LA PLATA,1,5.0
CO,LARIMER,3,3.6666666666666665
CO,LOGAN,1,3.0
CO,MESA,2,3.0
CO,MONTEZUMA,1,3.0
CO,MONTROSE,1,4.0
CO,MORGAN,2,3.0
CO,OTERO,1,3.0
CO,PITKIN,1,4.0
CO,PROWERS,1,3.0
CO,PUEBLO,2,4.0
CO,RIO GRANDE,1,3.0
CO,ROUTT,1,4.0
CO,SUMMIT,1,4.0
CO,WELD,1,4.0
CO,YUMA,1,3.0
CT,FAIRFIELD,6,2.5
CT,HARTFORD,6,2.5
CT,LITCHFIELD,2,2.5
CT,MIDDLESEX,1,3.0
CT,NEW HAVEN,7,2.7142857142857144
CT,NEW LONDON,2,3.5
CT,TOLLAND,2,3.0
CT,WINDHAM,2,3.0
DC,DISTRICT OF COLUMBIA,7,1.4285714285714286
DE,KENT,1,3.0
DE,NEW CASTLE,2,4.0
DE,SUSSEX,3,3.6666666666666665
FL,ALACHUA,2,2.5
FL,BAY,2,3.0
FL,BRADFORD,1,3.0
FL,BREVARD,7,3.2857142857142856
FL,BROWARD,14,2.642857142857143
FL,CHARLOTTE,3,2.3333333333333335
FL,CITRUS,2,2.0
FL,CLAY,2,3.0
FL,COLLIER,2,2.5
FL,COLUMBIA,2,3.0
FL,DE SOTO,1,3.0
FL,DUVAL,7,3.0
FL,ESCAMBIA,3,3.0
FL,FLAGLER,1,3.0
FL,GULF,1,4.0
FL,HARDEE,1,3.0
FL,HENDRY,1,3.0
FL,HERNANDO,2,2.5
FL,HIGHLANDS,2,2.5
FL,HILLSBOROUGH,9,2.4444444444444446
FL,INDIAN RIVER,2,2.5
FL,JACKSON,1,3.0
FL,LAKE,3,2.3333333333333335
FL,LEE,4,2.0
FL,LEON,2,2.5
FL,MANATEE,3,2.3333333333333335
FL,MARION,2,2.0
FL,MARTIN,1,2.0
FL,MIAMI-DADE,17,2.5294117647058822
FL,MONROE,3,2.6666666666666665
FL,NASSAU,1,3.0
FL,OKALOOSA,3,3.3333333333333335
FL,OKEECHOBEE,1,3.0
FL,ORANGE,3,2.6666666666666665
FL,OSCEOLA,3,2.0
FL,PALM BEACH,12,2.3333333333333335
FL,PASCO,6,2.8333333333333335
FL,PINELLAS,10,2.6
FL,POLK,5,2.2
FL,PUTNAM,1,2.0
FL,SAINT JOHNS,1,3.0
FL,SAINT LUCIE,2,2.0
FL,SANTA ROSA,3,3.3333333333333335
FL,SARASOTA,4,3.75
FL,SEMINOLE,1,2.0
FL,SUMTER,1,3.0
FL,SUWANNEE,1,3.0
FL,TAYLOR,1,2.0
FL,VOLUSIA,5,2.8
FL,WALTON,2,4.0
GA,APPLING,1,3.0
GA,BACON,1,3.0
GA,BALDWIN,1,3.0
GA,BARROW,1,3.0
GA,BARTOW,1,4.0
GA,BEN HILL,1,3.0
GA,BIBB,3,3.0
GA,BLECKLEY,1,3.0
GA,BULLOCH,1,2.0
GA,CAMDEN,1,3.0
GA,CARROLL,2,3.0
GA,CHATHAM,3,2.3333333333333335
GA,CHATTOOGA,1,3.0
GA,CHEROKEE,1,3.0
GA,CLARKE,2,3.5
GA,CLAYTON,1,2.0
GA,COBB,2,2.5
GA,COFFEE,1,3.0
GA,COLQUITT,1,3.0
GA,COOK,1,3.0
GA,COWETA,2,3.5
GA,CRISP,1,3.0
GA,DECATUR,1,3.0
GA,DEKALB,3,2.6666666666666665
GA,DODGE,1,3.0
GA,DOUGHERTY,1,1.0
GA,DOUGLAS,1,3.0
GA,EFFINGHAM,1,3.0
GA,ELBERT,1,4.0
GA,EMANUEL,1,3.0
GA,EVANS,1,4.0
GA,FANNIN,1,3.0
GA,FAYETTE,1,2.0
GA,FLOYD,2,3.5
GA,FORSYTH,1,3.0
GA,FRANKLIN,1,3.0
GA,FULTON,7,2.4285714285714284
GA,GLYNN,1,3.0
GA,GORDON,1,5.0
GA,GRADY,1,4.0
GA,GREENE,1,3.0
GA,GWINNETT,2,3.5
GA,HABERSHAM,1,3.0
GA,HALL,1,3.0
GA,HARALSON,1,3.0
GA,HENRY,1,2.0
GA,HOUSTON,2,3.5
GA,IRWIN,1,3.0
GA,JACKSON,1,2.0
GA,JEFF DAVIS,1,3.0
GA,JEFFERSON,1,3.0
GA,LAURENS,1,4.0
GA,LIBERTY,1,3.0
GA,LOWNDES,1,3.0
GA,LUMPKIN,1,3.0
GA,MCDUFFIE,1,3.0
GA,MILLER,1,3.0
GA,MURRAY,1,3.0
GA,MUSCOGEE,3,3.3333333333333335
GA,NEWTON,1,2.0
GA,PAULDING,1,3.0
GA,PEACH,1,3.0
GA,PICKENS,1,3.0
GA,PULASKI,1,3.0
GA,PUTNAM,1,3.0
GA,RICHMOND,4,2.0
GA,ROCKDALE,1,2.0
GA,SEMINOLE,1,3.0
GA,SPALDING,1,3.0
GA,STEPHENS,1,3.0
GA,SUMTER,1,3.0
GA,THOMAS,1,3.0
GA,TIFT,1,2.0
GA,TOOMBS,1,3.0
GA,TOWNS,1,4.0
GA,TROUP,1,4.0
GA,UNION,1,3.0
GA,UPSON,1,3.0
GA,WALTON,1,2.0
GA,WARE,1,3.0
GA,WASHINGTON,1,3.0
GA,WAYNE,1,3.0
GA,WHITFIELD,1,4.0
GA,WILKES,1,3.0
HI,HAWAII,3,3.0
HI,HONOLULU,7,3.4285714285714284
HI,KAUAI,2,3.5
HI,MAUI,1,3.0
IA,APPANOOSE,1,4.0
IA,BLACK HAWK,3,3.0
IA,BOONE,1,3.0
IA,BREMER,1,4.0
IA,BUENA VISTA,1,3.0
IA,CALHOUN,1,4.0
IA,CARROLL,1,4.0
IA,CASS,1,3.0
IA,CERRO GORDO,1,3.0
IA,CHEROKEE,1,3.0
IA,CHICKASAW,1,3.0
IA,CLAY,1,4.0
IA,CLINTON,1,2.0
IA,CRAWFORD,1,3.0
IA,DELAWARE,1,4.0
IA,DES MOINES,1,2.0
IA,DICKINSON,1,4.0
IA,DUBUQUE,2,3.5
IA,EMMET,1,4.0
IA,FAYETTE,1,3.0
IA,FLOYD,1,4.0
IA,HAMILTON,1,3.0
IA,HANCOCK,1,3.0
IA,HENRY,1,3.0
IA,IDA,1,3.0
IA,JASPER,1,3.0
IA,JEFFERSON,1,4.0
IA,JOHNSON,2,4.5
IA,KOSSUTH,1,3.0
IA,LEE,2,3.0
IA,LINN,2,4.0
IA,LUCAS,1,3.0
IA,MAHASKA,1,4.0
IA,MARION,2,3.5
IA,MARSHALL,1,3.0
IA,MONONA,1,3.0
IA,MONTGOMERY,1,4.0
IA,MUSCATINE,1,3.0
IA,OBRIEN,1,3.0
IA,OSCEOLA,1,4.0
IA,PAGE,2,3.0
IA,PLYMOUTH,1,4.0
IA,POLK,4,3.25
IA,POTTAWATTAMIE,2,3.5
IA,POWESHIEK,1,3.0
IA,SAC,1,3.0
IA,SCOTT,2,3.5
IA,SHELBY,1,3.0
IA,SIOUX,1,4.0
IA,STORY,1,3.0
IA,UNION,1,4.0
IA,WAPELLO,1,3.0
IA,WEBSTER,1,3.0
IA,WINNESHIEK,1,4.0
IA,WOODBURY,2,3.0
IA,WRIGHT,2,4.5
ID,ADA,2,4.0
ID,BANNOCK,1,3.0
ID,BINGHAM,1,4.0
ID,BONNER,1,3.0
ID,BONNEVILLE,1,4.0
ID,CANYON,2,4.0
ID,CASSIA,1,3.0
ID,CLEARWATER,1,3.0
ID,ELMORE,1,4.0
ID,GOODING,1,4.0
ID,IDAHO,2,3.5
ID,KOOTENAI,1,3.0
ID,LATAH,1,4.0
ID,MADISON,1,3.0
ID,NEZ PERCE,1,3.0
ID,TWIN FALLS,1,3.0
IL,ADAMS,1,3.0
IL,BOND,1,4.0
IL,BUREAU,2,3.5
IL,CHAMPAIGN,2,3.0
IL,CHRISTIAN,1,4.0
IL,CLAY,1,3.0
IL,CLINTON,1,4.0
IL,COLES,1,3.0
IL,COOK,46,2.6956521739130435
IL,CRAWFORD,1,4.0
IL,DEKALB,2,4.0
IL,DUPAGE,6,3.5
IL,EDGAR,1,4.0
IL,EFFINGHAM,1,4.0
IL,FORD,1,4.0
IL,FRANKLIN,1,3.0
IL,FULTON,1,3.0
IL,GRUNDY,1,4.0
IL,HAMILTON,1,2.0
IL,HANCOCK,1,4.0
IL,HENRY,1,4.0
IL,IROQUOIS,1,2.0
IL,JACKSON,2,3.0
IL,JEFFERSON,2,2.5
IL,JERSEY,1,3.0
IL,KANE,5,3.4
IL,KANKAKEE,2,4.0
IL,KNOX,2,3.0
IL,LA SALLE,3,3.6666666666666665
IL,LAKE,5,4.0
IL,LAWRENCE,1,3.0
IL,LEE,1,3.0
IL,LIVINGSTON,1,4.0
IL,LOGAN,1,4.0
IL,MACON,2,2.5
IL,MACOUPIN,1,3.0
IL,MADISON,5,3.0
IL,MARION,2,3.5
IL,MASON,1,3.0
IL,MASSAC,1,4.0
IL,MCDONOUGH,1,3.0
IL,MCHENRY,3,4.333333333333333
IL,MCLEAN,2,3.5
IL,MONTGOMERY,2,2.5
IL,MORGAN,1,3.0
IL,OGLE,1,4.0
IL,PEORIA,3,3.3333333333333335
IL,PERRY,1,4.0
IL,PIKE,1,3.0
IL,RANDOLPH,2,3.0
IL,RICHLAND,1,3.0
IL,ROCK ISLAND,2,2.5
IL,SAINT CLAIR,3,3.0
IL,SALINE,2,3.0
IL,SANGAMON,2,2.5
IL,SHELBY,1,3.0
IL,STEPHENSON,1,3.0
IL,TAZEWELL,1,3.0
IL,UNION,1,3.0
IL,VERMILION,2,2.5
IL,WABASH,1,4.0
IL,WARREN,1,4.0
IL,WAYNE,1,4.0
IL,WHITESIDE,1,4.0
IL,WILL,3,2.6666666666666665
IL,WILLIAMSON,2,2.5
IL,WINNEBAGO,3,3.3333333333333335
IL,WOODFORD,1,4.0
IN,ADAMS,1,3.0
IN,ALLEN,4,3.0
IN,BARTHOLOMEW,1,4.0
IN,BLACKFORD,1,4.0
IN,BOONE,1,4.0
IN,CASS,1,3.0
IN,CLARK,2,2.0
IN,CLAY,1,3.0
IN,CLINTON,1,3.0
IN,DAVIESS,1,3.0
IN,DE KALB,1,3.0
IN,DEARBORN,1,3.0
IN,DECATUR,1,4.0
IN,DELAWARE,1,3.0
IN,DUBOIS,1,5.0
IN,ELKHART,2,3.5
IN,FAYETTE,1,4.0
IN,FLOYD,1,2.0
IN,FULTON,1,4.0
IN,GIBSON,1,3.0
IN,GRANT,1,4.0
IN,GREENE,1,3.0
IN,HAMILTON,5,4.2
IN,HANCOCK,1,3.0
IN,HARRISON,1,3.0
IN,HENDRICKS,2,4.5
IN,HENRY,1,4.0
IN,HOWARD,2,3.5
IN,HUNTINGTON,1,4.0
IN,JACKSON,1,5.0
IN,JASPER,1,2.0
IN,JAY,1,4.0
IN,JEFFERSON,1,4.0
IN,JENNINGS,1,3.0
IN,JOHNSON,1,4.0
IN,KNOX,1,3.0
IN,KOSCIUSKO,1,3.0
IN,LA PORTE,2,3.0
IN,LAGRANGE,1,4.0
IN,LAKE,9,3.4444444444444446
IN,LAWRENCE,2,3.5
IN,MADISON,2,4.0
IN,MARION,7,3.142857142857143
IN,MARSHALL,1,3.0
IN,MIAMI,1,3.0
IN,MONROE,1,4.0
IN,MONTGOMERY,1,3.0
IN,MORGAN,1,5.0
IN,NOBLE,1,4.0
IN,ORANGE,1,3.0
IN,PERRY,1,4.0
IN,PORTER,1,4.0
IN,PULASKI,1,4.0
IN,PUTNAM,1,4.0
IN,RANDOLPH,1,4.0
IN,RIPLEY,1,4.0
IN,RUSH,1,3.0
IN,SCOTT,1,3.0
IN,SHELBY,1,4.0
IN,ST JOSEPH,2,4.0
IN,STARKE,1,3.0
IN,STEUBEN,1,3.0
IN,SULLIVAN,1,2.0
IN,TIPPECANOE,2,3.5
IN,TIPTON,1,4.0
IN,VANDERBURGH,2,3.0
IN,VERMILLION,1,4.0
IN,VIGO,2,3.5
IN,WABASH,1,3.0
IN,WARREN,1,3.0
IN,WARRICK,2,4.0
IN,WAYNE,1,4.0
IN,WELLS,1,3.0
IN,WHITE,1,3.0
IN,WHITLEY,1,4.0
KS,ALLEN,1,2.0
KS,ATCHISON,1,3.0
KS,BARTON,2,3.5
KS,BOURBON,1,3.0
KS,BROWN,1,2.0
KS,BUTLER,2,3.5
KS,CLAY,1,3.0
KS,COFFEY,1,4.0
KS,COWLEY,2,3.5
KS,CRAWFORD,2,3.0
KS,DOUGLAS,1,3.0
KS,ELLIS,1,3.0
KS,ELLSWORTH,1,4.0
KS,FINNEY,1,3.0
KS,FORD,1,3.0
KS,FRANKLIN,1,4.0
KS,GEARY,1,3.0
KS,GRAHAM,1,3.0
KS,HARVEY,1,4.0
KS,JOHNSON,5,3.8
KS,LABETTE,1,4.0
KS,LEAVENWORTH,2,4.0
KS,LYON,1,3.0
KS,MARSHALL,1,4.0
KS,MCPHERSON,2,3.0
KS,MIAMI,1,4.0
KS,MITCHELL,1,3.0
KS,MONTGOMERY,1,3.0
KS,MORTON,1,3.0
KS,NEOSHO,1,3.0
KS,POTTAWATOMIE,1,4.0
KS,PRATT,1,3.0
KS,RENO,1,2.0
KS,REPUBLIC,1,3.0
KS,RILEY,1,3.0
KS,SALINE,1,3.0
KS,SEDGWICK,4,3.75
KS,SEWARD,1,3.0
KS,SHAWNEE,2,3.5
KS,SMITH,1,4.0
KS,THOMAS,1,3.0
KS,WILSON,1,3.0
KS,WYANDOTTE,2,3.5
KY,ADAIR,1,4.0
KY,ALLEN,1,3.0
KY,BARREN,1,3.0
KY,BELL,2,3.5
KY,BOONE,1,3.0
KY,BOURBON,1,3.0
KY,BOYD,2,3.0
KY,BOYLE,1,2.0
KY,BREATHITT,1,2.0
KY,BRECKINRIDGE,1,3.0
KY,CALDWELL,1,3.0
KY,CALLOWAY,1,3.0
KY,CAMPBELL,1,4.0
KY,CARROLL,1,3.0
KY,CASEY,1,4.0
KY,CHRISTIAN,1,2.0
KY,CLARK,1,4.0
KY,CLAY,1,3.0
KY,CLINTON,1,3.0
KY,CRITTENDEN,1,3.0
KY,CUMBERLAND,1,3.0
KY,DAVIESS,1,3.0
KY,ESTILL,1,4.0
KY,FAYETTE,4,2.75
KY,FLEMING,1,3.0
KY,FLOYD,2,3.0
KY,FRANKLIN,1,3.0
KY,GRANT,1,3.0
KY,GRAVES,1,3.0
KY,GRAYSON,1,4.0
KY,GREEN,1,3.0
KY,HARDIN,1,4.0
KY,HARLAN,1,2.0
KY,HARRISON,1,4.0
KY,HART,1,3.0
KY,HENDERSON,1,4.0
KY,HOPKINS,1,3.0
KY,JEFFERSON,4,2.5
KY,JOHNSON,1,3.0
KY,KENTON,1,4.0
KY,KNOX,2,2.0
KY,LAUREL,1,3.0
KY,LAWRENCE,1,3.0
KY,LETCHER,1,3.0
KY,LINCOLN,1,3.0
KY,LOGAN,1,3.0
KY,MADISON,2,3.0
KY,MARION,1,3.0
KY,MARSHALL,1,3.0
KY,MASON,1,3.0
KY,MCCRACKEN,2,2.5
KY,MONROE,1,2.0
KY,MONTGOMERY,1,3.0
KY,MUHLENBERG,1,3.0
KY,NELSON,1,4.0
KY,OHIO,1,3.0
KY,OLDHAM,1,3.0
KY,PERRY,1,2.0
KY,PIKE,2,2.5
KY,PULASKI,1,2.0
KY,ROCKCASTLE,1,3.0
KY,ROWAN,1,2.0
KY,RUSSELL,1,2.0
KY,SCOTT,1,3.0
KY,SHELBY,1,3.0
KY,SIMPSON,1,4.0
KY,TAYLOR,1,3.0
KY,UNION,1,3.0
KY,WARREN,2,3.5
LA,ACADIA,1,2.0
LA,ALLEN,1,3.0
LA,ASCENSION,1,3.0
LA,AVOYELLES,1,3.0
LA,BEAUREGARD,1,3.0
LA,BOSSIER,1,5.0
LA,CADDO,4,3.0
LA,CALCASIEU,4,3.25
LA,CALDWELL,2,3.5
LA,CLAIBORNE,1,4.0
LA,DE SOTO,1,3.0
LA,EAST BATON ROUGE,5,2.8
LA,EAST CARROLL,1,3.0
LA,EVANGELINE,2,3.5
LA,FRANKLIN,1,2.0
LA,IBERIA,1,3.0
LA,JEFFERSON,4,3.25
LA,JEFFERSON DAVIS,1,3.0
LA,LA SALLE,2,3.0
LA,LAFAYETTE,5,3.4
LA,LAFOURCHE,3,4.0
LA,LINCOLN,1,2.0
LA,MOREHOUSE,1,2.0
LA,NATCHITOCHES,1,4.0
LA,ORLEANS,3,2.3333333333333335
LA,OUACHITA,3,3.0
LA,POINTE COUPEE,1,3.0
LA,RAPIDES,2,3.0
LA,RICHLAND,2,3.0
LA,SABINE,1,3.0
LA,SAINT BERNARD,1,3.0
LA,SAINT CHARLES,1,3.0
LA,SAINT JAMES,1,3.0
LA,SAINT LANDRY,1,3.0
LA,SAINT MARY,1,3.0
LA,SAINT TAMMANY,5,3.4
LA,TANGIPAHOA,1,3.0
LA,TERREBONNE,2,3.0
LA,UNION,1,3.0
LA,VERMILION,1,3.0
LA,VERNON,1,3.0
LA,WASHINGTON,1,3.0
LA,WEBSTER,2,4.0
LA,WEST CARROLL,1,3.0
LA,WINN,1,3.0
MA,BARNSTABLE,2,3.5
MA,BERKSHIRE,2,4.0
MA,BRISTOL,4,3.0
MA,DUKES,1,4.0
MA,ESSEX,5,3.2
MA,FRANKLIN,1,3.0
MA,HAMPDEN,5,3.2
MA,HAMPSHIRE,2,3.5
MA,MIDDLESEX,11,3.1818181818181817
MA,NORFOLK,4,3.25
MA,PLYMOUTH,3,3.0
MA,SUFFOLK,9,3.3333333333333335
MA,WORCESTER,8,2.75
ME,ANDROSCOGGIN,2,3.5
ME,AROOSTOOK,4,3.5
ME,CUMBERLAND,4,3.25
ME,FRANKLIN,1,3.0
ME,HANCOCK,3,4.0
ME,KENNEBEC,2,4.0
ME,KNOX,1,3.0
ME,LINCOLN,1,4.0
ME,OXFORD,2,3.0
ME,PENOBSCOT,4,3.25
ME,PISCATAQUIS,1,3.0
ME,SOMERSET,2,3.5
ME,WALDO,1,3.0
ME,WASHINGTON,2,3.5
ME,YORK,2,3.5
MI,ALLEGAN,1,4.0
MI,ALPENA,1,4.0
MI,ARENAC,1,4.0
MI,BARAGA,1,2.0
MI,BARRY,1,3.0
MI,BAY,1,3.0
MI,BERRIEN,2,3.5
MI,BRANCH,1,4.0
MI,CALHOUN,2,4.0
MI,CASS,1,4.0
MI,CHARLEVOIX,1,3.0
MI,CHIPPEWA,1,4.0
MI,CLARE,1,3.0
MI,CLINTON,1,4.0
MI,CRAWFORD,1,4.0
MI,DELTA,1,4.0
MI,DICKINSON,1,4.0
MI,EATON,2,3.0
MI,EMMET,1,5.0
MI,GENESEE,3,1.6666666666666667
MI,GLADWIN,1,4.0
MI,GOGEBIC,1,3.0
MI,GRAND TRAVERSE,1,4.0
MI,GRATIOT,1,3.0
MI,HILLSDALE,1,4.0
MI,HOUGHTON,2,3.0
MI,HURON,2,4.0
MI,INGHAM,2,2.5
MI,IONIA,1,3.0
MI,IOSCO,1,4.0
MI,IRON,1,4.0
MI,ISABELLA,1,4.0
MI,JACKSON,1,4.0
MI,KALAMAZOO,2,3.0
MI,KENT,3,3.6666666666666665
MI,LAPEER,1,3.0
MI,LENAWEE,2,3.0
MI,LIVINGSTON,1,4.0
MI,LUCE,1,3.0
MI,MACKINAC,1,3.0
MI,MACOMB,3,2.0
MI,MANISTEE,1,3.0
MI,MARQUETTE,2,3.5
MI,MASON,1,4.0
MI,MECOSTA,1,3.0
MI,MIDLAND,1,4.0
MI,MONROE,1,3.0
MI,MONTCALM,4,3.5
MI,MUSKEGON,1,4.0
MI,NEWAYGO,1,4.0
MI,OAKLAND,9,2.7777777777777777
MI,OGEMAW,1,4.0
MI,OSCEOLA,1,4.0
MI,OTSEGO,1,4.0
MI,OTTAWA,3,4.0
MI,SAGINAW,2,2.0
MI,SAINT CLAIR,3,2.6666666666666665
MI,SAINT JOSEPH,2,3.5
MI,SANILAC,2,3.5
MI,SCHOOLCRAFT,1,4.0
MI,SHIAWASSEE,1,2.0
MI,TUSCOLA,1,4.0
MI,VAN BUREN,2,4.0
MI,WASHTENAW,3,3.3333333333333335
MI,WAYNE,14,2.2857142857142856
MI,WEXFORD,1,3.0
MN,AITKIN,1,4.0
MN,ANOKA,2,3.5
MN,BECKER,1,4.0
MN,BELTRAMI,1,3.0
MN,BLUE EARTH,1,3.0
MN,BROWN,2,4.0
MN,CARLTON,1,4.0
MN,CARVER,1,4.0
MN,CHIPPEWA,1,3.0
MN,CHISAGO,1,4.0
MN,CROW WING,2,3.0
MN,DAKOTA,3,3.3333333333333335
MN,DOUGLAS,1,3.0
MN,FARIBAULT,1,3.0
MN,FREEBORN,1,4.0
MN,GOODHUE,2,3.5
MN,HENNEPIN,7,3.4285714285714284
MN,HUBBARD,1,3.0
MN,ISANTI,1,4.0
MN,ITASCA,1,3.0
MN,KANABEC,1,4.0
MN,KANDIYOHI,1,4.0
MN,LYON,1,3.0
MN,MARTIN,1,3.0
MN,MCLEOD,2,3.5
MN,MILLE LACS,1,3.0
MN,MORRISON,1,3.0
MN,NICOLLET,1,4.0
MN,NOBLES,1,4.0
MN,OLMSTED,2,4.0
MN,OTTER TAIL,2,4.0
MN,PENNINGTON,1,3.0
MN,POLK,2,3.5
MN,POPE,1,4.0
MN,RAMSEY,4,3.5
MN,REDWOOD,1,4.0
MN,RICE,1,4.0
MN,ROCK,1,4.0
MN,SAINT LOUIS,5,3.0
MN,SCOTT,2,3.5
MN,SHERBURNE,1,4.0
MN,STEARNS,3,4.0
MN,STEELE,1,3.0
MN,STEVENS,1,4.0
MN,TODD,1,4.0
MN,WADENA,1,3.0
MN,WASHINGTON,2,4.0
MN,WILKIN,1,3.0
MN,WINONA,1,3.0
MN,WRIGHT,2,4.0
MN,YELLOW MEDICINE,1,3.0
MO,ADAIR,1,4.0
MO,ATCHISON,1,3.0
MO,AUDRAIN,1,3.0
MO,BARTON,1,4.0
MO,BATES,1,3.0
MO,BOONE,2,3.0
MO,BUCHANAN,1,5.0
MO,BUTLER,2,2.5
MO,CALLAWAY,1,3.0
MO,CAMDEN,1,3.0
MO,CAPE GIRARDEAU,2,2.5
MO,CASS,2,3.0
MO,CLAY,2,3.5
MO,CLINTON,1,2.0
MO,COLE,2,3.5
MO,COOPER,1,3.0
MO,CRAWFORD,1,4.0
MO,DUNKLIN,1,2.0
MO,FRANKLIN,1,4.0
MO,GENTRY,1,3.0
MO,GREENE,2,3.5
MO,GRUNDY,1,4.0
MO,HENRY,1,4.0
MO,HOWELL,1,3.0
MO,JACKSON,9,3.111111111111111
MO,JASPER,3,3.3333333333333335
MO,JEFFERSON,2,3.0
MO,JOHNSON,1,3.0
MO,LACLEDE,1,3.0
MO,LAFAYETTE,1,3.0
MO,LINCOLN,1,3.0
MO,LIVINGSTON,1,4.0
MO,MARION,1,3.0
MO,NEW MADRID,1,3.0
MO,NODAWAY,1,4.0
MO,PEMISCOT,1,2.0
MO,PERRY,1,4.0
MO,PETTIS,1,2.0
MO,PHELPS,1,3.0
MO,PIKE,1,3.0
MO,PLATTE,1,3.0
MO,POLK,1,3.0
MO,RANDOLPH,1,2.0
MO,RIPLEY,1,3.0
MO,SAINT CHARLES,4,2.5
MO,SAINT FRANCOIS,1,3.0
MO,SAINT LOUIS,9,2.7777777777777777
MO,SAINT LOUIS CITY,3,1.6666666666666667
MO,SAINTE GENEVIEVE,1,3.0
MO,SALINE,1,3.0
MO,SCOTLAND,1,2.0
MO,STODDARD,1,3.0
MO,TANEY,1,4.0
MO,TEXAS,1,3.0
MO,VERNON,1,3.0
MS,ADAMS,1,2.0
MS,ALCORN,1,2.0
MS,ATTALA,1,3.0
MS,BOLIVAR,1,2.0
MS,CALHOUN,1,3.0
MS,CLAY,1,3.0
MS,COAHOMA,1,2.0
MS,COPIAH,1,3.0
MS,COVINGTON,1,3.0
MS,DESOTO,2,3.0
MS,FORREST,2,2.5
MS,GEORGE,1,3.0
MS,GRENADA,1,2.0
MS,HANCOCK,1,3.0
MS,HARRISON,3,2.3333333333333335
MS,HINDS,4,2.25
MS,HOLMES,1,3.0
MS,JACKSON,1,2.0
MS,JONES,1,1.0
MS,LAFAYETTE,1,4.0
MS,LAUDERDALE,2,2.5
MS,LEE,1,3.0
MS,LEFLORE,1,2.0
MS,LINCOLN,1,4.0
MS,LOWNDES,1,3.0
MS,MADISON,1,3.0
MS,MARION,1,3.0
MS,MARSHALL,1,3.0
MS,MONROE,1,3.0
MS,NESHOBA,1,3.0
MS,OKTIBBEHA,1,3.0
MS,PANOLA,1,3.0
MS,PEARL RIVER,1,2.0
MS,PIKE,2,3.0
MS,PONTOTOC,1,3.0
MS,PRENTISS,1,4.0
MS,RANKIN,2,2.5
MS,SCOTT,2,4.0
MS,SIMPSON,2,3.0
MS,SUNFLOWER,1,3.0
MS,TATE,1,3.0
MS,TISHOMINGO,1,4.0
MS,UNION,1,4.0
MS,WARREN,1,2.0
MS,WASHINGTON,1,2.0
MS,WAYNE,1,3.0
MS,WEBSTER,1,3.0
MS,WILKINSON,1,2.0
MS,WINSTON,1,3.0
MS,YALOBUSHA,1,4.0
MS,YAZOO,1,2.0
MT,BEAVERHEAD,1,4.0
MT,CASCADE,2,4.0
MT,CUSTER,1,3.0
MT,DEER LODGE,1,3.0
MT,FERGUS,1,4.0
MT,FLATHEAD,2,3.5
MT,GALLATIN,1,3.0
MT,HILL,1,2.0
MT,LAKE,2,3.5
MT,LEWIS AND CLARK,1,3.0
MT,LINCOLN,1,3.0
MT,MISSOULA,2,3.5
MT,PARK,1,3.0
MT,RAVALLI,1,3.0
MT,RICHLAND,1,3.0
MT,SILVER BOW,1,3.0
MT,VALLEY,1,3.0
MT,YELLOWSTONE,2,4.0
NC,ALAMANCE,1,3.0
NC,ALLEGHANY,1,3.0
NC,ANSON,1,3.0
NC,ASHE,1,4.0
NC,AVERY,1,3.0
NC,BEAUFORT,1,3.0
NC,BERTIE,1,3.0
NC,BLADEN,1,3.0
NC,BRUNSWICK,2,3.0
NC,BUNCOMBE,1,4.0
NC,BURKE,1,3.0
NC,CABARRUS,1,3.0
NC,CALDWELL,1,2.0
NC,CARTERET,1,3.0
NC,CATAWBA,2,3.0
NC,CHEROKEE,1,3.0
NC,CHOWAN,1,4.0
NC,CLEVELAND,2,4.0
NC,COLUMBUS,1,2.0
NC,CRAVEN,1,5.0
NC,CUMBERLAND,1,3.0
NC,DARE,1,4.0
NC,DAVIDSON,2,2.5
NC,DUPLIN,1,2.0
NC,DURHAM,2,3.5
NC,EDGECOMBE,1,3.0
NC,FORSYTH,2,3.0
NC,GASTON,1,4.0
NC,GRANVILLE,1,3.0
NC,GUILFORD,2,3.5
NC,HALIFAX,1,3.0
NC,HARNETT,1,3.0
NC,HAYWOOD,1,3.0
NC,HENDERSON,2,3.5
NC,HERTFORD,1,3.0
NC,IREDELL,3,2.6666666666666665
NC,JACKSON,1,2.0
NC,JOHNSTON,1,3.0
NC,LEE,1,2.0
NC,LENOIR,1,2.0
NC,LINCOLN,1,4.0
NC,MACON,1,3.0
NC,MARTIN,1,2.0
NC,MCDOWELL,1,3.0
NC,MECKLENBURG,6,3.3333333333333335
NC,MITCHELL,1,4.0
NC,MONTGOMERY,1,3.0
NC,MOORE,1,4.0
NC,NASH,1,2.0
NC,NEW HANOVER,1,3.0
NC,ONSLOW,1,3.0
NC,ORANGE,1,2.0
NC,PASQUOTANK,1,3.0
NC,PERSON,1,3.0
NC,PITT,1,2.0
NC,POLK,1,4.0
NC,RANDOLPH,1,4.0
NC,RICHMOND,1,4.0
NC,ROBESON,1,2.0
NC,ROCKINGHAM,1,3.0
NC,ROWAN,1,3.0
NC,RUTHERFORD,1,3.0
NC,SAMPSON,1,3.0
NC,SCOTLAND,1,4.0
NC,STANLY,1,3.0
NC,SURRY,2,3.5
NC,SWAIN,1,4.0
NC,TRANSYLVANIA,1,4.0
NC,UNION,1,2.0
NC,VANCE,1,2.0
NC,WAKE,4,3.25
NC,WATAUGA,1,3.0
NC,WAYNE,1,3.0
NC,WILKES,1,2.0
NC,WILSON,1,4.0
ND,ADAMS,1,4.0
ND,BURLEIGH,2,3.5
ND,CASS,2,3.5
ND,DICKEY,1,3.0
ND,FOSTER,1,4.0
ND,GRAND FORKS,1,3.0
ND,PEMBINA,1,3.0
ND,PIERCE,1,3.0
ND,RAMSEY,1,3.0
ND,RANSOM,1,4.0
ND,STARK,1,3.0
ND,STUTSMAN,1,3.0
ND,WARD,1,1.0
ND,WILLIAMS,1,3.0
NE,ADAMS,1,3.0
NE,ANTELOPE,1,3.0
NE,BOONE,1,4.0
NE,BOX BUTTE,1,3.0
NE,BUFFALO,2,3.0
NE,BUTLER,1,3.0
NE,CHERRY,1,3.0
NE,CHEYENNE,1,3.0
NE,CUMING,1,4.0
NE,CUSTER,1,3.0
NE,DAWES,1,3.0
NE,DAWSON,1,3.0
NE,DODGE,1,2.0
NE,DOUGLAS,6,3.3333333333333335
NE,FURNAS,1,4.0
NE,GAGE,1,4.0
NE,HALL,1,3.0
NE,HAMILTON,1,3.0
NE,HOLT,1,3.0
NE,HOWARD,1,3.0
NE,JEFFERSON,1,3.0
NE,KEITH,1,3.0
NE,LANCASTER,3,4.0
NE,LINCOLN,1,3.0
NE,MADISON,1,4.0
NE,MERRICK,1,3.0
NE,OTOE,1,3.0
NE,PHELPS,1,4.0
NE,PLATTE,1,4.0
NE,RED WILLOW,1,4.0
NE,RICHARDSON,1,4.0
NE,SARPY,2,3.0
NE,SCOTTS BLUFF,1,3.0
NE,SEWARD,1,3.0
NE,THURSTON,1,4.0
NE,VALLEY,1,3.0
NE,WASHINGTON,1,3.0
NE,WAYNE,1,3.0
NE,YORK,1,3.0
NH,BELKNAP,1,3.0
NH,CARROLL,2,3.5
NH,CHESHIRE,1,4.0
NH,COOS,3,3.0
NH,GRAFTON,4,3.25
NH,HILLSBOROUGH,5,3.8
NH,MERRIMACK,3,3.3333333333333335
NH,ROCKINGHAM,3,3.3333333333333335
NH,STRAFFORD,2,4.0
NH,SULLIVAN,1,4.0
NJ,ATLANTIC,2,3.5
NJ,BERGEN,6,3.0
NJ,BURLINGTON,3,3.0
NJ,CAMDEN,4,3.25
NJ,CAPE MAY,1,3.0
NJ,CUMBERLAND,1,2.0
NJ,ESSEX,7,1.8571428571428572
NJ,GLOUCESTER,1,3.0
NJ,HUDSON,6,1.8333333333333333
NJ,HUNTERDON,1,3.0
NJ,MERCER,4,1.5
NJ,MIDDLESEX,5,2.2
NJ,MONMOUTH,5,3.4
NJ,MORRIS,3,2.6666666666666665
NJ,OCEAN,4,3.0
NJ,PASSAIC,2,1.5
NJ,SALEM,2,3.0
NJ,SOMERSET,1,2.0
NJ,SUSSEX,1,3.0
NJ,UNION,3,2.3333333333333335
NJ,WARREN,2,3.0
NM,BERNALILLO,5,2.8
NM,CHAVES,2,2.5
NM,CIBOLA,1,3.0
NM,COLFAX,1,3.0
NM,CURRY,1,3.0
NM,DONA ANA,2,2.5
NM,EDDY,2,3.0
NM,GRANT,1,4.0
NM,LEA,2,2.5
NM,LINCOLN,1,3.0
NM,LOS ALAMOS,1,3.0
NM,LUNA,1,2.0
NM,MCKINLEY,2,2.0
NM,OTERO,1,2.0
NM,RIO ARRIBA,1,4.0
NM,ROOSEVELT,1,3.0
NM,SAN JUAN,2,2.0
NM,SAN MIGUEL,1,3.0
NM,SANDOVAL,1,3.0
NM,SANTA FE,1,2.0
NM,TAOS,1,3.0
NV,CARSON CITY,2,3.5
NV,CLARK,15,2.0
NV,DOUGLAS,1,3.0
NV,ELKO,1,3.0
NV,HUMBOLDT,1,3.0
NV,MINERAL,1,3.0
NV,NYE,1,4.0
NV,WASHOE,3,2.3333333333333335
NY,ALBANY,3,2.3333333333333335
NY,ALLEGANY,1,2.0
NY,BRONX,6,1.3333333333333333
NY,BROOME,2,1.5
NY,CATTARAUGUS,1,2.0
NY,CAYUGA,1,2.0
NY,CHAUTAUQUA,3,2.6666666666666665
NY,CHEMUNG,2,2.0
NY,CHENANGO,1,3.0
NY,CLINTON,1,3.0
NY,COLUMBIA,1,1.0
NY,CORTLAND,1,3.0
NY,DELAWARE,1,3.0
NY,DUTCHESS,2,2.5
NY,ERIE,6,2.3333333333333335
NY,ESSEX,1,3.0
NY,FRANKLIN,2,3.5
NY,FULTON,1,3.0
NY,GENESEE,1,3.0
NY,HERKIMER,1,4.0
NY,JEFFERSON,1,2.0
NY,KINGS,12,1.4166666666666667
NY,LEWIS,1,3.0
NY,LIVINGSTON,1,3.0
NY,MADISON,2,3.5
NY,MONROE,4,3.5
NY,MONTGOMERY,1,3.0
NY,NASSAU,9,2.0
NY,NEW YORK,10,2.7
NY,NIAGARA,3,2.3333333333333335
NY,ONEIDA,3,1.6666666666666667
NY,ONONDAGA,3,2.0
NY,ONTARIO,3,3.0
NY,ORANGE,4,2.75
NY,ORLEANS,1,2.0
NY,OSWEGO,1,3.0
NY,OTSEGO,2,2.0
NY,PUTNAM,1,3.0
NY,QUEENS,7,1.2857142857142858
NY,RENSSELAER,2,2.5
NY,RICHMOND,2,1.0
NY,ROCKLAND,2,2.0
NY,SAINT LAWRENCE,3,2.6666666666666665
NY,SARATOGA,1,3.0
NY,SCHENECTADY,1,2.0
NY,SCHOHARIE,1,4.0
NY,SCHUYLER,1,3.0
NY,STEUBEN,3,3.3333333333333335
NY,SUFFOLK,11,2.1818181818181817
NY,SULLIVAN,1,2.0
NY,TOMPKINS,1,3.0
NY,ULSTER,3,2.6666666666666665
NY,WARREN,1,4.0
NY,WAYNE,1,2.0
NY,WESTCHESTER,10,2.4
NY,WYOMING,1,3.0
NY,YATES,1,3.0
OH,ADAMS,1,3.0
OH,ALLEN,2,3.5
OH,ASHLAND,1,4.0
OH,ASHTABULA,3,4.0
OH,ATHENS,1,3.0
OH,AUGLAIZE,1,4.0
OH,BELMONT,2,3.5
OH,BUTLER,4,3.75
OH,CHAMPAIGN,1,3.0
OH,CLARK,1,3.0
OH,CLERMONT,1,4.0
OH,CLINTON,1,3.0
OH,COLUMBIANA,2,3.0
OH,COSHOCTON,1,3.0
OH,CRAWFORD,2,3.0
OH,CUYAHOGA,15,3.6666666666666665
OH,DARKE,1,3.0
OH,DEFIANCE,3,4.0
OH,DELAWARE,1,4.0
OH,ERIE,1,4.0
OH,FAIRFIELD,1,2.0
OH,FAYETTE,1,3.0
OH,FRANKLIN,7,2.7142857142857144
OH,FULTON,1,3.0
OH,GALLIA,1,2.0
OH,GEAUGA,1,4.0
OH,GREENE,2,3.0
OH,GUERNSEY,1,3.0
OH,HAMILTON,7,3.5714285714285716
OH,HANCOCK,1,4.0
OH,HENRY,1,4.0
OH,HIGHLAND,1,2.0
OH,HOCKING,1,3.0
OH,HOLMES,1,4.0
OH,HURON,2,4.0
OH,JACKSON,1,3.0
OH,JEFFERSON,1,4.0
OH,KNOX,1,3.0
OH,LAKE,1,4.0
OH,LICKING,1,3.0
OH,LOGAN,1,3.0
OH,LORAIN,3,3.6666666666666665
OH,LUCAS,8,3.375
OH,MADISON,1,3.0
OH,MAHONING,4,2.5
OH,MARION,1,3.0
OH,MEDINA,1,4.0
OH,MERCER,1,4.0
OH,MIAMI,1,3.0
OH,MONTGOMERY,5,3.8
OH,MORROW,1,4.0
OH,MUSKINGUM,1,4.0
OH,OTTAWA,1,4.0
OH,PAULDING,1,3.0
OH,PICKAWAY,1,3.0
OH,PORTAGE,1,3.0
OH,RICHLAND,2,3.0
OH,ROSS,1,3.0
OH,SANDUSKY,2,4.0
OH,SCIOTO,1,4.0
OH,SENECA,2,3.5
OH,SHELBY,1,3.0
OH,STARK,4,3.5
OH,SUMMIT,3,2.6666666666666665
OH,TRUMBULL,2,4.0
OH,TUSCARAWAS,1,3.0
OH,UNION,1,3.0
OH,VAN WERT,1,3.0
OH,WARREN,1,4.0
OH,WASHINGTON,2,2.5
OH,WAYNE,2,3.0
OH,WILLIAMS,1,4.0
OH,WOOD,1,3.0
OH,WYANDOT,1,3.0
OK,ADAIR,1,4.0
OK,BECKHAM,1,3.0
OK,BRYAN,1,3.0
OK,CADDO,1,3.0
OK,CANADIAN,2,3.0
OK,CARTER,1,3.0
OK,CHEROKEE,2,3.0
OK,CHOCTAW,1,3.0
OK,CLEVELAND,1,4.0
OK,COMANCHE,2,3.0
OK,CRAIG,1,3.0
OK,CREEK,1,3.0
OK,CUSTER,2,3.0
OK,DELAWARE,1,3.0
OK,GARFIELD,2,4.0
OK,GARVIN,1,3.0
OK,GRADY,1,3.0
OK,HASKELL,1,3.0
OK,HUGHES,1,3.0
OK,JACKSON,1,3.0
OK,JOHNSTON,1,3.0
OK,KAY,2,3.5
OK,KINGFISHER,1,4.0
OK,KIOWA,1,3.0
OK,LATIMER,1,3.0
OK,LE FLORE,1,3.0
OK,LOGAN,1,4.0
OK,MARSHALL,1,3.0
OK,MAYES,1,4.0
OK,MCCLAIN,1,4.0
OK,MCCURTAIN,1,3.0
OK,MURRAY,1,3.0
OK,MUSKOGEE,1,2.0
OK,NOBLE,1,3.0
OK,OKLAHOMA,12,3.3333333333333335
OK,OKMULGEE,2,2.5
OK,OSAGE,1,2.0
OK,OTTAWA,1,3.0
OK,PAYNE,2,3.5
OK,PITTSBURG,1,2.0
OK,PONTOTOC,2,3.0
OK,POTTAWATOMIE,1,2.0
OK,PUSHMATAHA,1,3.0
OK,ROGERS,1,3.0
OK,SEMINOLE,1,3.0
OK,SEQUOYAH,1,4.0
OK,STEPHENS,1,3.0
OK,TEXAS,1,3.0
OK,TULSA,10,3.3
OK,WAGONER,1,3.0
OK,WASHINGTON,1,2.0
OK,WOODWARD,1,3.0
OR,BAKER,1,4.0
OR,BENTON,1,3.0
OR,CLACKAMAS,3,3.0
OR,CLATSOP,2,3.5
OR,COOS,2,2.0
OR,CROOK,1,4.0
OR,CURRY,1,3.0
OR,DESCHUTES,2,3.5
OR,DOUGLAS,1,3.0
OR,HOOD RIVER,1,4.0
OR,JACKSON,3,3.3333333333333335
OR,JEFFERSON,1,3.0
OR,JOSEPHINE,1,3.0
OR,KLAMATH,1,3.0
OR,LAKE,1,3.0
OR,LANE,5,3.0
OR,LINCOLN,2,3.0
OR,LINN,2,2.5
OR,MALHEUR,1,4.0
OR,MARION,3,3.0
OR,MULTNOMAH,6,3.0
OR,TILLAMOOK,1,3.0
OR,UMATILLA,2,3.5
OR,UNION,1,3.0
OR,WASCO,1,3.0
OR,WASHINGTON,4,3.5
OR,YAMHILL,2,3.5
PA,ADAMS,1,4.0
PA,ALLEGHENY,15,3.0
PA,ARMSTRONG,1,4.0
PA,BEAVER,1,2.0
PA,BEDFORD,1,3.0
PA,BERKS,2,2.5
PA,BLAIR,3,3.0
PA,BRADFORD,3,2.6666666666666665
PA,BUCKS,5,3.8
PA,BUTLER,1,4.0
PA,CAMBRIA,2,3.0
PA,CARBON,2,2.5
PA,CENTRE,1,4.0
PA,CHESTER,5,3.6
PA,CLARION,1,2.0
PA,CLEARFIELD,2,3.0
PA,CLINTON,1,3.0
PA,COLUMBIA,2,3.0
PA,CRAWFORD,1,2.0
PA,CUMBERLAND,2,3.5
PA,DAUPHIN,2,3.0
PA,DELAWARE,5,3.0
PA,ELK,1,3.0
PA,ERIE,4,3.25
PA,FAYETTE,2,3.0
PA,FRANKLIN,2,3.5
PA,FULTON,1,3.0
PA,GREENE,1,3.0
PA,HUNTINGDON,1,4.0
PA,INDIANA,1,3.0
PA,JEFFERSON,2,3.5
PA,LACKAWANNA,3,1.6666666666666667
PA,LANCASTER,4,3.25
PA,LAWRENCE,2,3.0
PA,LEBANON,1,2.0
PA,LEHIGH,3,2.3333333333333335
PA,LUZERNE,3,3.0
PA,LYCOMING,3,3.6666666666666665
PA,MCKEAN,2,3.5
PA,MERCER,3,3.0
PA,MIFFLIN,1,3.0
PA,MONROE,1,4.0
PA,MONTGOMERY,7,2.5714285714285716
PA,MONTOUR,1,2.0
PA,NORTHAMPTON,3,3.3333333333333335
PA,NORTHUMBERLAND,1,3.0
PA,PHILADELPHIA,12,2.75
PA,POTTER,1,3.0
PA,SCHUYLKILL,3,2.6666666666666665
PA,SOMERSET,3,3.0
PA,SUSQUEHANNA,2,3.0
PA,UNION,1,3.0
PA,VENANGO,1,4.0
PA,WARREN,1,3.0
PA,WASHINGTON,3,2.6666666666666665
PA,WAYNE,1,2.0
PA,WESTMORELAND,3,3.3333333333333335
PA,WYOMING,1,4.0
PA,YORK,3,2.6666666666666665
PR,BAYAMON,2,2.0
PR,CAGUAS,1,2.0
PR,MANATI,1,2.0
PR,PONCE,2,2.0
PR,SAN GERMAN,1,2.0
PR,SAN JUAN,2,2.5
RI,KENT,1,3.0
RI,NEWPORT,1,4.0
RI,PROVIDENCE,7,3.0
RI,WASHINGTON,2,4.0
SC,ABBEVILLE,1,4.0
SC,AIKEN,1,2.0
SC,ANDERSON,1,3.0
SC,BEAUFORT,2,3.0
SC,CHARLESTON,6,3.6666666666666665
SC,CHEROKEE,1,2.0
SC,CHESTER,1,3.0
SC,COLLETON,1,3.0
SC,DARLINGTON,1,2.0
SC,DILLON,1,4.0
SC,FLORENCE,3,3.0
SC,GEORGETOWN,2,3.5
SC,GREENVILLE,6,4.333333333333333
SC,GREENWOOD,1,3.0
SC,HAMPTON,1,3.0
SC,HORRY,3,3.3333333333333335
SC,JASPER,1,3.0
SC,KERSHAW,1,4.0
SC,LANCASTER,1,2.0
SC,LAURENS,1,4.0
SC,LEXINGTON,2,3.0
SC,MARION,1,2.0
SC,NEWBERRY,1,4.0
SC,OCONEE,1,3.0
SC,ORANGEBURG,1,2.0
SC,PICKENS,2,3.0
SC,RICHLAND,3,2.6666666666666665
SC,SPARTANBURG,2,3.0
SC,SUMTER,1,3.0
SC,WILLIAMSBURG,1,3.0
SC,YORK,1,1.0
SD,BROOKINGS,1,4.0
SD,BROWN,2,4.5
SD,CODINGTON,1,3.0
SD,DAVISON,1,4.0
SD,HUGHES,1,4.0
SD,HUTCHINSON,1,3.0
SD,LAWRENCE,1,4.0
SD,MINNEHAHA,3,4.333333333333333
SD,PENNINGTON,1,3.0
SD,WALWORTH,1,3.0
SD,YANKTON,1,4.0
TN,ANDERSON,1,3.0
TN,BEDFORD,1,1.0
TN,BENTON,1,3.0
TN,BLOUNT,1,2.0
TN,BRADLEY,1,2.0
TN,CAMPBELL,2,2.5
TN,CANNON,1,3.0
TN,CARROLL,2,3.0
TN,CARTER,1,4.0
TN,CLAIBORNE,1,3.0
TN,COCKE,1,3.0
TN,COFFEE,2,2.5
TN,CUMBERLAND,2,3.0
TN,DAVIDSON,8,3.0
TN,DECATUR,1,3.0
TN,DEKALB,1,4.0
TN,DICKSON,1,3.0
TN,DYER,1,2.0
TN,FENTRESS,1,3.0
TN,FRANKLIN,1,2.0
TN,GIBSON,1,4.0
TN,GILES,1,4.0
TN,GREENE,2,3.0
TN,HAMBLEN,2,1.5
TN,HAMILTON,3,3.0
TN,HARDIN,1,3.0
TN,HAWKINS,1,4.0
TN,HENDERSON,1,3.0
TN,HENRY,1,3.0
TN,HOUSTON,1,3.0
TN,HUMPHREYS,1,2.0
TN,JEFFERSON,1,3.0
TN,KNOX,4,3.0
TN,LAUDERDALE,1,3.0
TN,LAWRENCE,1,4.0
TN,LINCOLN,1,2.0
TN,LOUDON,1,4.0
TN,MACON,1,2.0
TN,MADISON,2,3.0
TN,MAURY,1,4.0
TN,MCMINN,1,3.0
TN,MONROE,1,3.0
TN,MONTGOMERY,1,2.0
TN,OBION,1,3.0
TN,OVERTON,1,2.0
TN,PERRY,1,3.0
TN,PUTNAM,1,3.0
TN,RHEA,1,3.0
TN,ROANE,1,3.0
TN,ROBERTSON,1,3.0
TN,RUTHERFORD,2,3.0
TN,SHELBY,6,2.3333333333333335
TN,SMITH,1,3.0
TN,SULLIVAN,3,3.0
TN,SUMNER,2,2.5
TN,TIPTON,1,3.0
TN,UNICOI,1,3.0
TN,WARREN,1,3.0
TN,WASHINGTON,2,3.0
TN,WAYNE,1,3.0
TN,WEAKLEY,1,3.0
TN,WHITE,1,3.0
TN,WILLIAMSON,1,4.0
TN,WILSON,1,3.0
TX,ANDERSON,1,3.0
TX,ANDREWS,1,3.0
TX,ANGELINA,2,3.0
TX,ATASCOSA,1,3.0
TX,AUSTIN,1,3.0
TX,BASTROP,1,3.0
TX,BAYLOR,1,4.0
TX,BEE,1,3.0
TX,BELL,3,3.6666666666666665
TX,BEXAR,8,3.25
TX,BOWIE,2,2.5
TX,BRAZORIA,1,3.0
TX,BRAZOS,3,3.3333333333333335
TX,BREWSTER,1,3.0
TX,BROWN,1,2.0
TX,BURNET,1,3.0
TX,CALDWELL,1,3.0
TX,CALHOUN,1,4.0
TX,CAMERON,4,3.5
TX,CAMP,1,4.0
TX,CHEROKEE,1,3.0
TX,CHILDRESS,1,4.0
TX,COLLIN,10,3.6
TX,COLORADO,1,3.0
TX,COMAL,1,3.0
TX,COOKE,1,4.0
TX,DALLAS,20,3.2
TX,DE WITT,2,4.0
TX,DEAF SMITH,1,3.0
TX,DENTON,5,3.2
TX,DIMMIT,1,3.0
TX,EASTLAND,1,4.0
TX,ECTOR,2,2.5
TX,EL PASO,6,2.0
TX,ELLIS,2,3.0
TX,ERATH,1,4.0
TX,FALLS,1,4.0
TX,FAYETTE,1,4.0
TX,FORT BEND,4,3.5
TX,FREESTONE,1,3.0
TX,GALVESTON,1,2.0
TX,GILLESPIE,1,5.0
TX,GONZALES,1,3.0
TX,GRAY,1,4.0
TX,GRAYSON,2,2.5
TX,GREGG,2,3.5
TX,GUADALUPE,1,3.0
TX,HALE,1,3.0
TX,HAMILTON,1,4.0
TX,HARRIS,29,3.206896551724138
TX,HARRISON,1,3.0
TX,HAYS,2,3.5
TX,HENDERSON,1,3.0
TX,HIDALGO,5,3.6
TX,HILL,1,3.0
TX,HOCKLEY,1,3.0
TX,HOOD,1,3.0
TX,HOPKINS,1,3.0
TX,HOUSTON,1,2.0
TX,HOWARD,1,2.0
TX,HUNT,1,3.0
TX,HUTCHINSON,1,3.0
TX,JASPER,1,3.0
TX,JEFFERSON,3,3.0
TX,JIM WELLS,1,3.0
TX,JOHNSON,2,4.0
TX,JONES,2,3.0
TX,KARNES,1,3.0
TX,KAUFMAN,1,3.0
TX,KERR,1,3.0
TX,KIMBLE,1,3.0
TX,KLEBERG,1,3.0
TX,LAMAR,1,3.0
TX,LAMPASAS,1,4.0
TX,LIMESTONE,1,3.0
TX,LLANO,1,4.0
TX,LUBBOCK,4,3.5
TX,MATAGORDA,1,3.0
TX,MAVERICK,1,3.0
TX,MCLENNAN,2,2.0
TX,MEDINA,1,4.0
TX,MIDLAND,1,3.0
TX,MITCHELL,1,3.0
TX,MONTAGUE,1,3.0
TX,MONTGOMERY,2,2.0
TX,NACOGDOCHES,2,3.0
TX,NAVARRO,1,2.0
TX,NOLAN,1,4.0
TX,NUECES,3,3.6666666666666665
TX,PALO PINTO,1,2.0
TX,PANOLA,1,3.0
TX,PARKER,1,4.0
TX,PECOS,1,3.0
TX,POLK,1,3.0
TX,POTTER,2,3.5
TX,REEVES,1,2.0
TX,ROCKWALL,1,3.0
TX,RUSK,1,3.0
TX,SAN PATRICIO,1,3.0
TX,SMITH,4,4.0
TX,SOMERVELL,1,4.0
TX,STARR,1,3.0
TX,STEPHENS,1,3.0
TX,TARRANT,15,3.466666666666667
TX,TAYLOR,2,3.5
TX,TERRY,1,3.0
TX,TITUS,1,3.0
TX,TOM GREEN,2,3.5
TX,TRAVIS,8,3.625
TX,TRINITY,1,3.0
TX,TYLER,1,3.0
TX,VAL VERDE,1,3.0
TX,VICTORIA,2,4.0
TX,WALKER,1,2.0
TX,WASHINGTON,1,3.0
TX,WEBB,2,3.0
TX,WHARTON,2,3.0
TX,WICHITA,3,3.6666666666666665
TX,WILLIAMSON,4,3.25
TX,WILSON,1,3.0
TX,WISE,1,3.0
TX,WOOD,1,3.0
TX,YOUNG,1,3.0
UT,BOX ELDER,1,3.0
UT,CACHE,1,4.0
UT,CARBON,1,4.0
UT,DAVIS,2,3.0
UT,DUCHESNE,1,3.0
UT,GRAND,1,3.0
UT,IRON,1,4.0
UT,JUAB,1,4.0
UT,SALT LAKE,9,3.4444444444444446
UT,SEVIER,1,4.0
UT,SUMMIT,1,4.0
UT,TOOELE,1,3.0
UT,UINTAH,1,3.0
UT,UTAH,4,3.5
UT,WASHINGTON,1,4.0
UT,WEBER,2,3.0
VA,ACCOMACK,1,4.0
VA,ALBEMARLE,1,3.0
VA,ALEXANDRIA CITY,1,3.0
VA,ALLEGHANY,1,3.0
VA,ARLINGTON,1,4.0
VA,AUGUSTA,1,3.0
VA,BEDFORD,1,3.0
VA,BUCHANAN,1,3.0
VA,CHARLOTTESVILLE CITY,1,2.0
VA,CHESAPEAKE CITY,1,2.0
VA,CHESTERFIELD,2,2.5
VA,CULPEPER,1,2.0
VA,DANVILLE CITY,1,1.0
VA,EMPORIA CITY,1,2.0
VA,ESSEX,1,4.0
VA,FAIRFAX,4,3.0
VA,FAUQUIER,1,2.0
VA,FRANKLIN,1,3.0
VA,FRANKLIN CITY,1,3.0
VA,FREDERICKSBURG CITY,1,2.0
VA,GALAX CITY,1,2.0
VA,GILES,1,4.0
VA,GLOUCESTER,1,3.0
VA,HALIFAX,1,3.0
VA,HAMPTON CITY,1,3.0
VA,HANOVER,1,4.0
VA,HARRISONBURG CITY,1,3.0
VA,HENRICO,2,4.0
VA,HOPEWELL CITY,1,2.0
VA,JAMES CITY,2,4.0
VA,LEXINGTON CITY,1,3.0
VA,LOUDOUN,1,3.0
VA,LYNCHBURG CITY,1,4.0
VA,MANASSAS CITY,1,2.0
VA,MARTINSVILLE CITY,1,2.0
VA,MECKLENBURG,1,3.0
VA,MONTGOMERY,2,3.0
VA,NEWPORT NEWS CITY,2,3.0
VA,NORFOLK CITY,3,3.3333333333333335
VA,NORTON CITY,1,4.0
VA,PAGE,1,4.0
VA,PETERSBURG CITY,1,2.0
VA,PORTSMOUTH CITY,1,3.0
VA,PRINCE EDWARD,1,3.0
VA,PRINCE WILLIAM,2,2.5
VA,PULASKI,1,3.0
VA,RICHMOND CITY,2,3.0
VA,ROANOKE CITY,1,2.0
VA,RUSSELL,1,3.0
VA,SALEM,1,3.0
VA,SHENANDOAH,1,4.0
VA,SMYTH,1,3.0
VA,SPOTSYLVANIA,1,3.0
VA,STAFFORD,1,3.0
VA,SUFFOLK CITY,1,4.0
VA,TAZEWELL,2,3.5
VA,VIRGINIA BEACH CITY,2,3.5
VA,WARREN,1,3.0
VA,WASHINGTON,1,3.0
VA,WINCHESTER CITY,1,3.0
VA,WISE,1,3.0
VA,WYTHE,1,3.0
VT,ADDISON,1,4.0
VT,BENNINGTON,1,4.0
VT,CALEDONIA,1,3.0
VT,CHITTENDEN,1,3.0
VT,FRANKLIN,1,2.0
VT,LAMOILLE,1,3.0
VT,ORANGE,1,3.0
VT,ORLEANS,1,3.0
VT,RUTLAND,1,4.0
VT,WASHINGTON,1,4.0
VT,WINDHAM,1,4.0
VT,WINDSOR,1,2.0
WA,ASOTIN,1,3.0
WA,BENTON,3,3.0
WA,CHELAN,2,3.5
WA,CLALLAM,1,2.0
WA,CLARK,2,3.0
WA,COWLITZ,1,3.0
WA,FRANKLIN,1,3.0
WA,GRANT,1,3.0
WA,GRAYS HARBOR,2,2.5
WA,ISLAND,1,3.0
WA,JEFFERSON,1,3.0
WA,KING,14,3.2857142857142856
WA,KITSAP,1,2.0
WA,KITTITAS,1,3.0
WA,KLICKITAT,2,3.5
WA,LEWIS,1,3.0
WA,LINCOLN,1,4.0
WA,MASON,1,3.0
WA,OKANOGAN,2,2.5
WA,PIERCE,5,2.8
WA,SKAGIT,3,3.3333333333333335
WA,SNOHOMISH,4,2.75
WA,SPOKANE,4,2.75
WA,STEVENS,1,4.0
WA,THURSTON,2,3.0
WA,WALLA WALLA,2,3.0
WA,WHATCOM,1,4.0
WA,WHITMAN,1,4.0
WA,YAKIMA,4,2.25
WI,ADAMS,1,4.0
WI,ASHLAND,1,3.0
WI,BARRON,2,3.5
WI,BROWN,4,3.25
WI,BURNETT,1,3.0
WI,CHIPPEWA,2,4.0
WI,CLARK,1,3.0
WI,COLUMBIA,2,3.0
WI,CRAWFORD,1,4.0
WI,DANE,4,4.5
WI,DODGE,3,4.0
WI,DOOR,1,4.0
WI,DOUGLAS,1,3.0
WI,DUNN,1,4.0
WI,EAU CLAIRE,2,4.5
WI,FOND DU LAC,2,3.5
WI,GRANT,3,3.6666666666666665
WI,GREEN,1,4.0
WI,GREEN LAKE,1,3.0
WI,IOWA,1,4.0
WI,JACKSON,1,4.0
WI,JEFFERSON,1,4.0
WI,JUNEAU,1,3.0
WI,KENOSHA,2,3.5
WI,LA CROSSE,2,4.0
WI,LAFAYETTE,1,3.0
WI,LANGLADE,1,4.0
WI,LINCOLN,2,3.0
WI,MANITOWOC,2,4.0
WI,MARATHON,2,3.0
WI,MARINETTE,1,4.0
WI,MILWAUKEE,7,3.4285714285714284
WI,MONROE,1,4.0
WI,OCONTO,1,3.0
WI,ONEIDA,2,3.5
WI,OUTAGAMIE,3,3.3333333333333335
WI,OZAUKEE,2,3.5
WI,PIERCE,1,4.0
WI,POLK,3,3.6666666666666665
WI,PORTAGE,1,4.0
WI,PRICE,1,4.0
WI,RACINE,2,3.5
WI,RICHLAND,1,4.0
WI,ROCK,3,3.3333333333333335
WI,RUSK,1,3.0
WI,SAINT CROIX,2,4.0
WI,SAUK,3,4.0
WI,SAWYER,1,4.0
WI,SHAWANO,1,3.0
WI,SHEBOYGAN,2,3.5
WI,TAYLOR,1,4.0
WI,VERNON,2,4.0
WI,VILAS,1,4.0
WI,WALWORTH,2,3.5
WI,WASHBURN,1,3.0
WI,WASHINGTON,2,3.5
WI,WAUKESHA,4,3.75
WI,WAUPACA,1,3.0
WI,WINNEBAGO,3,3.6666666666666665
WI,WOOD,2,2.5
WV,BERKELEY,1,3.0
WV,BOONE,1,3.0
WV,CABELL,2,2.5
WV,CALHOUN,1,3.0
WV,FAYETTE,1,3.0
WV,GRANT,1,3.0
WV,GREENBRIER,1,3.0
WV,HANCOCK,1,3.0
WV,HARRISON,1,3.0
WV,JACKSON,1,3.0
WV,JEFFERSON,1,3.0
WV,KANAWHA,3,3.3333333333333335
WV,LEWIS,1,3.0
WV,LOGAN,1,3.0
WV,MARION,1,2.0
WV,MARSHALL,1,3.0
WV,MASON,1,3.0
WV,MCDOWELL,1,3.0
WV,MERCER,2,2.5
WV,MINGO,1,3.0
WV,MONONGALIA,2,2.5
WV,NICHOLAS,1,2.0
WV,OHIO,2,2.0
WV,PRESTON,1,3.0
WV,RALEIGH,2,2.0
WV,RANDOLPH,1,3.0
WV,ROANE,1,3.0
WV,UPSHUR,1,3.0
WV,WETZEL,1,3.0
WV,WOOD,1,2.0
WY,ALBANY,1,4.0
WY,CAMPBELL,1,2.0
WY,CONVERSE,1,3.0
WY,FREMONT,1,3.0
WY,GOSHEN,1,3.0
WY,LARAMIE,1,2.0
WY,LINCOLN,1,3.0
WY,NATRONA,1,3.0
WY,PARK,2,3.5
WY,PLATTE,1,3.0
WY,SHERIDAN,1,3.0
WY,SWEETWATER,1,2.0
WY,TETON,1,4.0
WY,UINTA,1,3.0
WY,WASHAKIE,1,3.0
